{"Precision": 0.9583333333333334, "Recall": 0.7666666666666667}