{"Precision": 0.8333333333333334, "Recall": 0.6666666666666666}